tweet_id,text,theme.fable,theme.corrected
1317994671696572417,"@MpPerrett @DebFrecklington @LNPQLD @AgForceQLD @QldFarmers When @DebFrecklington was Campbell Newman’s assistant minister she helped cut 600 jobs from agriculture and fisheries, including cuts to Biosecurity Qld. Now they plan to cut 30,000+ jobs to get a surplus in four years. Now is not the time to risk @LNPQLD cuts #qldpol #QLDvotes",cuts,
1317952056833974272,"Before the GFC, #Queensland had a great #gamesdesign industry. I don't know why I am the only candidate supporting this, but I am proud to stand for the thousands of jobs a strong gaming industry will support. #qldpol #QLDvotes #gamedev #gamingcommunity https://t.co/HGvTDUmvKF",promise,
1318003750573797376,"JUST ANNOUNCED:

A re-elected Palaszczuk Gov will deliver a $140 million small business strategy to help our Queensland small businesses recover from the COVID-19 pandemic. 

Our plan for economic recovery is all about backing local businesses to create more local jobs.
#qldpol https://t.co/TvPLpwA7tk",promise,
1318003753849479168,"✔️$10 million to make it easier to do small business in Queensland by permanently appointing a Small Business Commissioner.
✔️$100 million for the Business Investment Fund to assist growing SME’s to create more jobs.

#qldpol #SmallBiz #qldvotes",promise,
1318025081868615681,"Miller @LNPQLD are so ashamed of @DebFrecklington as their leader they have left her off their How To Vote cards.

A picture of a fistful of banknotes 🙄but nothing about their reckless rush to surplus &amp; the 30,000 job cuts that goes with a Frecklington-One Nation - Clive Govt https://t.co/LmMZiz2z0w",cuts,
1319448489093287936,"The @LNPQLD will create an additional 1,500 local jobs with our $20 million investment with the Gold Coast City Marina and Shipyard to deliver a $108 million new marine maintenance facility. #qldpol https://t.co/3JSmSirFv4",promise,
1317945938904707073,"And how will you pay for the billions in promises AND deliver a budget surplus, @DebFrecklington - by cutting 30,000 jobs and essential services ... ✂️ ✂️ ✂️ 

@NewsTalk4BC @breenie9",cuts,
1318010264332062720,"@SenatorRennick @DrAnthonyLynham @AnnastaciaMP Nice one airbrush @CampbellNewman out of history altogether along with the 14,000 workers he sacked including 4,000 health workers and 1,800 nurses and midwives. 30,000 jobs to go in @DebFrecklington’s reckless rush to surplus in four years. #DontTrustDeb",cuts,
1317981179774074880,"A re-elected Palaszczuk Government will deliver a $140 million Small Business Strategy to help regional exporters expand and develop their markets.

Queensland’s plan for economic recovery backs our small businesses so they can grow and create jobs.

#qldjobs https://t.co/vMh5CcDFW2",promise,
1318007669244874753,We dropped in on Graham's Natural Alternatives on the Gold Coast today to talk about how a re-elected Palaszczuk Government will help them expand their markets and create even more jobs through our $140 million Small Business Strategy. https://t.co/EwAH7XUxTE,promise,
1318007671388135424,Queensland’s economic recovery plan has a laser-like focus on small businesses and we’re going to support them as they grow and create jobs.,promise,
1319435411152723969,"Our ambos support Queenslanders, and we’re supporting our ambos with $31 million for new and replacement ambulance stations across Queensland if re-elected.

It will also boost local jobs and businesses, supporting 86 full time equivalent construction jobs. https://t.co/kLBJTnYcWs",promise,
1317787076151156736,"Early voting starts tomorrow at the Cairns Showgrounds, friends.

Please vote For Cairns.
For Education.
For Health.
For the Hospital.
For the Arts.
For the Environment.
For Small Business.
For Jobs.
For the Community.
For All Of Us.

Please VOTE 1 HEALY FOR CAIRNS https://t.co/0bdyUleGQV",other,
1317648719987175424,"Queensland - I can’t thank you enough.

We had a call to arms and you answered it.

And because of that, our economy is opening up.

We can focus on supporting and creating the jobs that will keep us moving forward.

#teamqld #qldvotes https://t.co/w7pXqrYOH2",promise,
1317707734024966144,"I will always do the right thing by Queensland and today it was terrific to launch Labor’s campaign for 2020.

We’ve made major commitments on education, training for our under 25s, manufacturing and TAFE.

We have a plan that’s focused on jobs, jobs and more jobs.

#qldjobs https://t.co/z4QSuWWI90",promise,
1317722863395172353,"More support for Queensland manufacturers to move into advanced manufacturing, grow their businesses, bring more of their manufacturing back to Queensland and create more jobs for Queenslanders. #MakingItInQLD #qldpol #qldjobs https://t.co/nlrg6iQ9Pd",promise,
1317734409605279744,"My promise to every Queenslander is that in everything we do, in every part of Queensland, we will create jobs. https://t.co/vL9llz7U2N",promise,
1317767628727963648,"At this election Queenslanders have a very clear choice to make about the future of our state.

Strong and safe, or cuts and chaos. 

I'm asking for the opportunity to continue our plan to keep Queenslanders safe and in jobs. https://t.co/JsFHCcU4s1",promise,
1317703477829644288,"The Palaszczuk Government worked hard to restore frontline jobs that were cut under Campbell Newman and Deb Frecklington. Now the LNP are promising a 4-year surplus &amp; the only way they can do that is to cut jobs. 
We can't cut our way to recovery.
And we can't risk the LNP. https://t.co/nLGm8HWfbL",cuts,
1317704972927029254,"Healthy Community. Healthy Economy.
It's that simple.

VOTE 1️⃣ HEALY FOR CAIRNS 

For Health.
For the Hospital.
For the Economy.
For Small Business.
For Education.
For Jobs.
For the Community.
FOR ALL OF US. https://t.co/8l12oJ291U",other,
1317706769016090625,"Read the Labor Government's Economic Recovery Plan here:
https://t.co/fhz6GyjkS2

VOTE 1️⃣ HEALY FOR CAIRNS 

For Health. For the Hospital. For the Economy. For Small Business. For Education. For Jobs. For the Community.
FOR ALL OF US. https://t.co/k7ZLc9gh4p",other,
1317713495958286336,"Queensland's economic recovery is only possible because of Labor's strong health response. 
Deb Frecklington will cut thousands of Queensland jobs in order to achieve a surplus. 
We can't cut our way to recovery. 
Queensland can't risk the LNP's cuts.

VOTE 1️⃣ HEALY FOR CAIRNS https://t.co/aP2MvDsHoD",cuts,
1317721501454327810,"* jobs for local tradies &amp; a boost for local communities, critical to Qld’s economic recovery.

We want every Queensland child, wherever they live, to have access to high-quality learning facilities.

Voting Starts Monday.
VOTE 1️⃣ HEALY FOR CAIRNS 
HEALY FOR EDUCATION.",promise,
1317726297439817733,"it's no secret, the Palazczuk Government are focussed on health.
So it fills me with pride to announce that a record 9,475 frontline health jobs will be created in Queensland. https://t.co/195mSiMxJm",promise,
1317726728832180224,"What does this mean for Cairns? 
🏥  492 more nurses and midwives
👩‍⚕️  92 more doctors
🚑  130 more allied health professionals

Across Qld, there's 9475 secure jobs created within Qld Health &amp; Qld Ambulance Service will be supported with an increase in frontline support roles.",promise,
1317726952053035010,"We are fighting hard to keep the community healthy, so the health of our economy can improve.
Early Voting Starts Monday.
VOTE 1️⃣ HEALY FOR CAIRNS 
👉 For Health.
👉 For the Hospital.
👉 For the Economy.
👉 For Small Business.
👉 For Education.
👉 For Jobs.
👉 FOR ALL OF US.",other,
1317634685401378816,"JUST ANNOUNCED: Free TAFE for Queenslanders under 25. 
 
We know providing young Queenslanders with skills for jobs now and into the future is vital to Queensland’s economic recovery. 

#Qldpol #TeamQld https://t.co/DxCbuMIS5I",promise,
1317282703176130562,"The @LNPQLD will back local first and ensure gov contracts go to Qld businesses in the food, manufacturing and medical supplies industries under a new mandate. Our plan will be kickstarted with a $25m plan to replace the ageing marine rescue fleet, securing more jobs. #qldpol https://t.co/qNlvChkwXL",promise,
1317615616459591682,"The ⁦@AnnastaciaMP⁩ ⁦@QLDLabor⁩ Campaign Launch is a few minutes from go at Beenleigh! 

It’s the most industrial launch setting I’ve ever seen... because Labor believe in jobs, not ⁦@LNPQLD⁩ cuts https://t.co/4Cg2fr40QI",promise,
1317257923299479553,"This is a truer reflection of the jobs situation in Queensland;  better than the 'doom and gloom' news from LNP. 
#qldpol https://t.co/KzsTA9Hnsl",other,
1317193344569651200,"Queenslanders have done such a great job of fighting this virus that we’ve been able to ease restrictions on dancing at weddings and formals, as well as allow aged care residents to get out and about again. 

As always - stay safe Queensland. https://t.co/6wWp5CLc38",other,
1317287796709584896,We understand the tourism industry has been one of the hardest hit during the pandemic and we need to support it as part of our economic recovery plan. Queensland’s strong health response and economic recovery plan means Queensland is good to go and open for business. #qldjobs,promise,
1317322509910372352,.@AustraliaZoo was one of thousands of Queensland businesses affected by COVID-19. Queensland’s strong health response to the pandemic has meant places such as Australia Zoo could open their doors sooner and get on the road to recovery #qldjobs #qldvotes @terriirwin @robertirwin https://t.co/PxhURDhmZf,promise,
1317373268379095040,"The Sunshine Coast’s @AustraliaZoo was the perfect place to announce our $74 million package for Queensland’s tourism industry.

@terriirwin @robertirwin #qldjobs https://t.co/0WRoXK4xKK",promise,
1317373375732350976,"A re-elected Palaszczuk Government will deliver the Rebuilding Tourism Plan to ensure one of our most important industries is supported during one of the toughest economic times we’ve lived through.

Tourism is an essential part of Queensland’s economic recovery plan.

#qldjobs",promise,
1317389891647336449,Spent some time @AustraliaZoo  with my family today and about the only animal missing was a unicorn! Our $74 million Rebuilding Tourism Plan will help Queensland tourism businesses get back on their feet and be more resilient as they recover from the COVID19 pandemic #qldjobs https://t.co/Da1bzANJqG,promise,
1317397188066955264,"Spent some time at Australia Zoo with my family today ❤️️

Our $74 million Rebuilding Tourism Plan will help Queensland tourism get back on its feet and be more resilient as we continue to navigate the effects of the pandemic.

All part of our economic recovery plan. #qldjobs https://t.co/XLEyNpvkWd",promise,
1317612339907063808,"Out again on the beautiful Sunday AM with the Coomera Crew!
#qldpol #auspol #jobsnotcuts https://t.co/AoKhzhp2mM",other,
1317635910419107843,"Giving Queenslanders the skills they need for secure, well paid jobs. #qldjobs https://t.co/MdxzftxzB3",promise,
1318220787715698688,"@lutajobe I'll never understand why people don't think of games as a great form of entertainment. It's fun, social, interactive and (mostly) relaxing",other,
1318342533303291905,"Our #CutsBus has reached Bundaberg today to remind locals of the ruthless job cuts from Deb Frecklington and the LNP. 🚌✂️

Qld can’t risk another round of disastrous LNP cuts at a time when we need to create more jobs.

#dontrisklnpcuts https://t.co/k7KDhJILYz",cuts,
1318357090792996864,"Stopped by QBuild while on the #cutsbus with @DrAnthonyLynham 

The Palaszczuk Labor Govt is committed to rebuilding QBuild - to employ 300 extra tradies including 60 apprentices over the next 3 yrs.

We can’t trust the LNP with jobs.

#qldpol #dontrisklnpcuts https://t.co/1RXClDmMdQ",promise,
1318359294677377025,Great news for Logan today #qldjobs #qldpol https://t.co/AAdvFjAWkb,other,
1318361165416730624,The @LNPQLD will deliver a $50m  marketing tourism blitz to Queensland attracting 2 million more visitors who will spend an additional $1.7 billion in Queensland. It’s all about creating and protecting jobs in the regions and bringing tourists to the sunshine state. #qldpol https://t.co/1C4ccqR6LC,promise,
1318373078896816130,"Only @AnnastaciaMP &amp; @QLDLabor has a strongrecord of M1 upgrades after not one new $ went on M1 when @LNPQLD last in power.

So much work &amp; so many jobs every time I drive past! 💪💪😊👍 https://t.co/xGJLeWxtkL",promise,
1318310960415735809,"The LNP are obsessed with delivering a surplus.

To do so, they would have to sack 30,000 QLDers.

The Palaszczuk Labor Government is focused on creating jobs, while the LNP are promising projects they can’t deliver.

We can’t risk the LNP cutting the jobs of thousands of QLDers. https://t.co/ZKezdSbwfH",cuts,
1318152917413711874,"We’ve found just the spot for a new hospital and health precinct for the northern Gold Coast region in Coomera, and the land is already owned by Queensland Health.

All part of our $160 million investment in new and expanded hospitals on the Gold Coast.

@StevenJMiles #qldjobs https://t.co/sug4I82RHM",promise,
1318280765084520451,"It’s right there in the headline - and it’s in the fine print.

Our plan is all about keeping Queenslanders safe and in jobs.

#qldjobs #qldvotes https://t.co/BQ5khZSF7L",promise,
1318298100558045184,"Building on the Works for Queensland program, we’re announcing our $880 million Keeping Queensland Working program.

As part of our economic recovery plan, this is our commitment to another 17,800 regional jobs and dozens of regional projects.

#qldjobs https://t.co/rwG31YWKtQ",promise,
1318298102839701504,"Our government's Works for Queensland program has created or supported tens of thousands of jobs across every one of the state’s councils since 2016.

It's delivered benefits ranging from upgraded swimming pools, new libraries, skateparks and roads #qldjobs",promise,
1318353086662938624,Our $5 billion Better M1 plan will support thousands of jobs and bust congestion around one of our busiest highways. Our strong actions on the border means major projects such as our M1 upgrades have powered ahead. It’s all part of Queensland’s economic recovery plan. #qldjobs https://t.co/PGeWS47pFb,promise,
1318417834834227200,"It’s 11 days until the election and Queensland has a clear choice to make.

Do we stay with rebuilding – or opt for recklessness?

Stability – or chaos.

Jobs – or cuts.

Queensland's economic recovery plan is real. And it's happening.

We can’t afford to go backwards.

#qldvotes https://t.co/Bz3kruvjA6",promise,
1318698842527649792,"Stop #2 on the #CutsBus is the Rocky QBuild. 

Everyday the Cuts O’Metre just keeps on rising with every announcement Deb Frecklington and the LNP make. ✂️

The LNP stripped 1,654 jobs from QBuild last time they were in power.

#qldpol #dontrisklnpcuts https://t.co/bdQ6lHAJsS",cuts,
1318698845652492289,"We’re committed to employing more people at QBuild like Barry by taking on an extra 300 tradies including 60 apprentices over the next 3 yrs. 🛠🧱

Only the Palaszczuk Gov has plan for Qld, which is all about investing in jobs and skills for now and into the future. 

#qldpol",promise,
1320162302428016640,Water infrastructure is vital which is why we’ll work with experts to fix Paradise Dam and I can also announce an @LNPQLD government will build Cooranga and Barlil Weirs creating 5000 new jobs and unlocking this region’s huge potential. #qldpol https://t.co/0YSZKxtsEW,promise,
1320168045793345537,Top job Qlder @boss_glen: started  🏇🏽 in Gympie; wins @CoxPlate @TheValley on Sir Dragonet; part owned by Qlders Noel ‘Irish’ &amp; Maria Greenhalgh. How good does Verry Elleegant’s form look for #MelbourneCup? Beat 2019 🏴󠁧󠁢󠁥󠁮󠁧󠁿 Derby winner. @LNPQLD is Qld racing’s WFA champion #qldpol https://t.co/GVcORHhaq1,other,
1318689563187892224,"A re-elected Palaszczuk Labor Government will build an inland highway from Charters Towers to Mungindi!

Only the Palaszczuk Labor Government has a plan for economic recovery. ✅📈 #qldvotes #qldjobs https://t.co/WP9zDNymiW",promise,
1318685403730247680,"BREAKING: If re-elected, we have a vision to build an inland highway from Charters Towers to Mungindi. #qldvotes #qldjobs https://t.co/a3RrMA9QJD",promise,
1320116911934353408,Queensland election: why the resources council's jobs figures don't pass 'the laugh test' https://t.co/nJg8iUf64e,other,
1318690205793071104,"@KanteBeStopped7 @KanteBeStopped7, Queensland's economic recovery plan has been released for months now. It's a comprehensive strategy to help business and industry bounce back from the pandemic and will create 55,000 local jobs. https://t.co/wQ6EmwX0a8",promise,
1318691116170973186,"@jumphs70 @jumphs70, we've been clear on how our commitments will be paid for: revenue and borrowings. The Treasurer will detail our costings before the election.

We're still waiting on the LNP to tell Queenslanders what jobs and services will be cut to pay for their unfunded promises.",cuts,
1320114593117528064,"Time to buckle up as we head down the road to economic recovery.

We can’t risk a detour with Deb’s reckless race to a surplus and the LNP’s slashing of 30,000 jobs. https://t.co/SeTyoqL87i",cuts,
1320142338392387584,Great to see ⁦@TheQCU⁩ out at the Townsville markets this morning supporting Queensland workers. #qldvotes #qldjobs https://t.co/voLWppqaL7,other,
1320159240221200384,".⁦@ScottStewartMP⁩’s dedicated volunteers door-knocking on a steamy Townsville morning, delivering the key message of #jobsnotcuts. #qldjobs #qldvotes https://t.co/JhGp7tW9BV",cuts,
1320195156151156736,"Our veterans have given their best for Australia and they deserve our best support.

That's why we’ll provide more support to our veterans with $10 million for employment assistance, infrastructure funding, legal help, homelessness support and other services. #qldjobs #veterans https://t.co/ekFfBhpq8E",promise,
1318418282437750785,And the #cutsbus hits Gladstone! Deb Frecklington wants to rush to a surplus that will mean cutting 30000 jobs across Qld - that’s 1300 jobs lost in Central Qld! Now is not the time to risk Deb Frecklington and the LNP ✂️🚌 #dontrisklnpcuts #qldvotes https://t.co/dtyRIcz1uZ,cuts,
1318652380993368064,"BREAKING: If re-elected, we have a vision to build an inland freight highway from Charters Towers to NSW border

A 2nd Bruce Hway would take trucks off current Bruce making it safer

It’ll slash travel times, create jobs &amp; boost our economy

Tune in later this morn for more info https://t.co/Z1X1LUW4VN",promise,
1318670382728060929,"Wrong again @TimMander. Last month Queensland created 1,000 jobs a month, the largest rise in full time jobs and the largest rise in people re-entering the labour force to look for jobs - because our economy is recovering under our Economic Recovery Plan.

@NewsTalk4BC @breenie9",promise,
1318675412319285248,"Sorry world, we were created 1000 jobs A DAY last month - 32,000 in total - while the rest of Australia shed 23,000 jobs

@NewsTalk4BC @breenie9 @TimManderMP",promise,
1318499702367752192,"Our Premier has done an incredible job guiding us through COVID-19.

When the LNP &amp; One Nation called for open borders prior to Victoria's outbreak, @AnnastaciaMP stood strong and put QLD first.

We can’t trust the LNP or One Nation with our health response or economic recovery. https://t.co/IfL4Iooobq",other,
1318673352438022146,"We have a clear choice this election.

You can vote for jobs, stability, and strong leadership.

Or you can vote for cuts, chaos and reckless behaviour.

The choice is yours. https://t.co/M0eiFB22hB",promise,
1318664956380786688,"BREAKING: If re-elected, we have a vision to build an inland highway from Charters Towers to Mungindi.
A 2nd Bruce Highway would take trucks off the existing Bruce, making it safer for communities from Gympie to Townsville.
Activating an inland freight route
#qldjobs #qldtraffic https://t.co/pIkwtUPfgf",promise,
1318437935209877504,"I’m seeking your support at this election because I want the best for Queensland’s future.

It’s a choice between our economic recovery plan for jobs – or the LNP’s plan for cuts.

That’s what’s at stake in this election.

That’s what’s on the line for Queensland.

#qldvotes https://t.co/rqTAUulDi2",promise,
1318447105967611904,"It’s there in black and white 👇👇

This election will come down to the wire.

If you want to stay on the road to economic recovery, vote 1 for Labor in your electorate.

We can’t risk the LNP cutting 30,000 jobs.

#qldvotes https://t.co/Cg2FWpkSti",cuts,
1318483847718293505,"Mitch Marsden is the business manager with Lantrak, an earthmoving company that has kept working throughout COVID thanks to our M1 upgrades.

Construction works on massive projects such as the M1 are directly and indirectly creating thousands of jobs.

#qldjobs https://t.co/gHFnLAlkRD",promise,
1318642644319375360,"BREAKING: If re-elected, we have a vision to build an inland highway from Charters Towers to Mungindi. #qldvotes #qldjobs https://t.co/oZXzzvWgDR",promise,
1318642822552055809,"A second Bruce Highway would take trucks off the existing Bruce, making it safer for communities from Gympie to Townsville.

Activating an inland freight route will also reduce travel times, support jobs and increase economic activity.",promise,
1318439315433836544,"VOTE 1 - HEALY FOR CAIRNS

For Cairns.
For Education.
For Health.
For the Hospital.
For the Arts.
For the Environment.
For the Great Barrier Reef.
For Small Business.
For Jobs.
For the Community.
For All Of Us.

VOTE 1 #HealyForCairns https://t.co/iEmlyd4p7R",other,
1318108765510463488,@lutajobe That's wonderful! Gaming is such a good way to relax. As long as you weren't playing Farming Simulator 😂,other,
1319859278308503552,"Fourth stop and it’s in Noosa with our plans to create jobs and invest $10 million to duplicate a key stretch of Beckmans Road. Only the @LNPQLD has a plan to bust congestion, stimulate the economy and drag Queensland out of recession. #qldpol https://t.co/P5GRDInSwm",promise,
1318075931596967937,"Can you imagine the mad economic decisions @DebFrecklington would have to make if her @LNPQLD was beholden to @PaulineHansonOz &amp; @OneNationAus in a minority government??

Jobs would be cut down like nine pins... https://t.co/h68za9tk1u https://t.co/J080WYVGPa",cuts,
1318137314476912640,"Job creation is at the core of our economic recovery plan for Queensland.

In September, Queensland created 10 times as many jobs as NSW.

We can’t risk the LNP or One Nation with our economic recovery. https://t.co/H787iWq7mM",promise,
1318104120922796033,"Climate scientists and Greens MPs aren't arguing that we have to shut down every single coal mine and power plant overnight. We just want a plan for when they do shut down.

Because coal jobs are short-term and quickly disappearing.",cuts,
1318104123523231744,"Coal workers deserve a realistic plan to transition away from fossil fuels. Jobs, training, free public services like transport and childcare. 

Frankly, mining corporations don't give a shit about them - they just want to wring as much profit as possible from a dying industry.",promise,
1318043209004503040,As the engine room of our economy small business is vital to Queensland’s economic recovery. That’s why a re-elected Palaszczuk Labor Government will back Queensland small businesses with a $140 million package to support growth and jobs. https://t.co/wlxWQVcEmn,promise,
1318049090043695106,"Great to join @JGilbertMP, Shane Hamilton &amp; @AnthonyChisholm to announce a re-elected Palaszczuk Labor Government will establish a #manufacturing hub in Mackay to help the economy recover from COVID and create vital jobs in the region. #qldjobs #QLDvotes https://t.co/DA3KAxIdrp",promise,
1318067916760215552,"We’re investing another $140 million into our Small Business Strategy, and helping our exporters grow their business because exports mean jobs for Queenslanders.

Queensland’s economic recovery plan is on track to continue to support jobs, jobs and more jobs.

#qldjobs #smallbiz https://t.co/HdXUcbRpmp",promise,
1318097552466608129,"Shannon and Grahams Natural Alternatives had to have a rethink about how the company did business during the pandemic.

Their Small Business COVID Adaptation Grant of $6,500 was a big help.

Queensland’s economic recovery plan is helping small businesses grow and create jobs. https://t.co/wiB0k7naf4",promise,
1319855086286344192,"Creating &amp; Protecting Jobs. It's what 𝗟𝗔𝗕𝗢𝗥 does.
To keep Cairns working
𝗩𝗢𝗧𝗘 𝟭 𝗛𝗘𝗔𝗟𝗬 𝗙𝗢𝗥 𝗖𝗔𝗜𝗥𝗡𝗦
👉 For Education
👉 For Health
👉 For the Hospital
👉 For the Arts
👉 For the Environment
👉 For the Reef
👉 For Small Business
👉 For Jobs
👉 For All Of Us https://t.co/nsmGYHfSsy",promise,
1318055899785646081,"VOTE 1️⃣ HEALY FOR CAIRNS

👉 For #Cairns
👉 For #Education
👉 For #Health
👉 For the #Hospital
👉 For the #Arts
👉 For the #Environment
👉 For #SmallBusiness
👉 For #Jobs
👉 For the #Community
👉 For All Of Us

#HealyForCairns https://t.co/3ZgFy1fYlX",other,
1318107121909628929,"VOTE 1 - HEALY FOR CAIRNS

For Cairns.
For Education.
For Health.
For the Hospital.
For the Arts.
For the Environment.
For the Great Barrier Reef.
For Small Business.
For Jobs.
For the Community.
For All Of Us.

VOTE 1 #HealyForCairns https://t.co/L6Ex7KiaXR",other,
1320847679467986946,"Since 2015, the Palaszczuk Labor Government has protected QLD’s National Parks and Great Barrier Reef while supporting jobs for QLDers.

The LNP and One Nation will provide nowhere near this much support for QLD’s unique environment – we can’t risk them. https://t.co/BC24vLlJl0",promise,
1318808228361170944,"It’s a new day for Townsville’s mighty @estates_fc with our promise to invest $400,000 in new changerooms and field lighting for the historic football club.

The road to economic recovery is paved with jobs and that’s what we’re creating for Queensland.

@ScottStewartMP https://t.co/DyJTEEKthq",promise,
1318838937691959296,"We're developing an inland freight route to take pressure off the Bruce Highway as part of our Real Bruce Plan.

This is a significant part of our road to economic recovery.

#qldjobs https://t.co/0Z0hfn2Eq8",promise,
1319074616334168064,"@hobo_ninja84 @hobo_ninja84, Right now we’re delivering massive upgrades on the Bruce around Cairns, Townsville, Mackay, Rockhampton, Gympie and the Sunshine Coast, with 33 projects underway, supporting thousands of regional jobs.",promise,
1319074764430868480,"@hobo_ninja84 If re-elected we’ll keep increasing funding for Bruce Highway upgrades each year to almost $2 billion annually by 2023, supporting 2500 Queensland jobs and delivering safer roads for everyone. We’ll also prioritise $500m in upgrades between Proserpine and Gladstone.",promise,
1320681831176544256,"Sticking to our road to economic recovery is moving us in the right direction.

#qldjobs https://t.co/DmaTN7FxN9",other,
1320756573480730625,"The pandemic is far from over.

Our strong health response has allowed us to open up the economy and focus on creating jobs.

We’re on the right track, but we have to see it through.

I’m asking Queenslanders for a strong majority government to finish the job.

#qldjobs #qldvotes https://t.co/8fUG9tbcJz",promise,
1320869566558261248,"When it comes to tourism in the Whitsundays, the sky’s the limit!

If we’re re-elected, we’ll back a major new land-based attraction: the Whitsunday Skyway.

Key projects like this drive local job creation and regional economic growth as part of Queensland’s plan for recovery. https://t.co/efbr5crF0o",promise,
1320870013713088512,"It’s a $55 million project that includes a cableway, indigenous cultural centre, and a summit café with stunning views of the islands.

We’ll make it possible by providing $1 million in matched funding towards land offsets in Conway National Park.

@WhitsundaysQLD #qldjobs",promise,
1320883775606194176,"A re-elected Palaszczuk Government will invest another $10 million to continue development of Queensland’s job-creating hydrogen industry.

The world is looking to hydrogen to fuel the future and we want them to get it from Queensland so we can create more jobs in our regions. https://t.co/hX3HXP0109",promise,
1320912680329179136,"But first - a jobs selfie! 🤳

Catching up with some of the workers at Mackay’s De Goey Contractors.

This is a regional Queensland company supporting and creating jobs for regional Queenslanders.

@camerondickqld @JGilbertMP #qldjobs https://t.co/DGdQDw3RcL",promise,
1320953012190285824,"Tried an old school brew at @BundabergDrinks, which has been creating jobs for generations and continues to do so. https://t.co/i4xNe3VR5v",promise,
1319058630860296193,"2020 is 𝗡𝗢𝗧 the year to be risking the LNP.
𝗩𝗢𝗧𝗘  𝟭  𝗛𝗘𝗔𝗟𝗬 𝗙𝗢𝗥 𝗖𝗔𝗜𝗥𝗡𝗦
👉  For Education
👉  For Health
👉  For the Hospital
👉  For the Arts
👉  For the Environment
👉  For the Reef
👉  For Small Business
👉  For Jobs
👉  For All Of Us
 #HealyForCairns https://t.co/0KkfIqJDiw",other,
1320575580509593600,"A sweet announcement for Queensland fruit and vegetable growers 🥭🍍🍓🍉🍊 

Our commitment to slash irrigation bills by up to 50 per cent if re-elected will help family-owned farms increase productivity and profitability and create more jobs.

#qldjobs https://t.co/RFIcJ5qgFr",promise,
1318711495811686402,"But the Palaszczuk Government has been rebuilding our frontline services, investing over $8.5 million in this critical health facility. 

Only Labor has a plan to protect our health system and safeguard the jobs it delivers. 

@BrittanyLauga @DrAnthonyLynham 

#QLDvotes #qldpol",promise,
1318767581642125312,"Palaszczuk Government takes working with trucking industry seriously Lisa so thanks to @GaryMahon_qta, @qta_trucking &amp; the team for advocating so strongly for this visionary &amp; practical second Bruce project to boost jobs, productivity &amp; road safety! https://t.co/p3CHBmDEgY",promise,
1320574271840681984,"A sweet announcement for Queensland fruit and vegetable growers!

Our commitment to slash irrigation bills by up to 50 per cent if re-elected will help family-owned farms increase productivity and profitability and create more jobs.

#qldjobs https://t.co/tcl8YKMPEy",promise,
1320633764209258497,"If you're fighting second and third waves of COVID-19, it's hard to focus on jobs.

That’s why we put the health of Queenslanders first. 

A safe state means we can get on with our economic recovery 💪

#covid19 https://t.co/PIQrytkSM8",other,
1320656783543660544,"We'll start duplication works on the Cairns Western Arterial Road in 2021, investing $60 million to build four lanes between Redlynch Connector Road and Kamerunga Road.

We’re backing Cairns jobs, with record investment in local roads to help Queensland’s economic recovery. https://t.co/Kp54FXXUhN",promise,
1318718386201714688,"Our Real Bruce Plan will improve safety on Bruce, including building a Second Bruce.

In the past five years, we’ve delivered $3.7 billion in upgrades on the Bruce Highway in partnership with the Federal Government. 

That’s supported thousands of regional jobs.

#qldjobs https://t.co/7zkks4zUhP",promise,
1318727308941799424,"@BRichardson1964 @BRichardson1964 
Our govt has already delivered $500m+ in recovery funding for the tourism industry since the pandemic began.
This builds on our record investment in tourism and jobs, with a snapshot of some of the projects we’ve funded below. https://t.co/INDUJhyOLw",promise,
1318739658168176640,"At least 220 people are working on the Haughton River floodplain upgrade outside Townsville which is integral to our Real Bruce Plan.

Our plan means jobs for generations across the state – vote 1 for Labor to stay on the road to recovery.

#Townsville #qldjobs https://t.co/wtG071Kmei",promise,
1318755411936251904,"We will continue to create jobs in every corner of the state if re-elected. 

Deb Frecklington’s plan is about sacking people.

The choice is clear. Vote 1 for Labor.

#qldjobs #qldvotes https://t.co/I98HQOmktI",promise,
1318741298975772672,"VOTE 1 - HEALY FOR CAIRNS

For Cairns.
For Education.
For Health.
For the Hospital.
For the Arts.
For the Environment.
For the Great Barrier Reef.
For Small Business.
For Jobs.
For the Community.
For All Of Us.

VOTE 1 #HealyForCairns https://t.co/E0Q2ha8Ftd",other,
1318762839453085696,"2020 is 𝙉𝙊𝙏 the year to be risking Newmanesque style ""cost savings"".
𝗩𝗢𝗧𝗘 𝟭 𝗛𝗘𝗔𝗟𝗬 𝗙𝗢𝗥 𝗖𝗔𝗜𝗥𝗡𝗦
👉 For Education.
👉 For Health.
👉 For the Hospital.
👉 For the Arts.
👉 For the Environment.
👉 For Small Business.
👉 For Jobs.
👉 For All Of Us.

#HealyForCairns https://t.co/om2cCEf3xF",other,
1318765609207947265,"""In everything we do, in every part of Queensland, we will create jobs""
𝗩𝗢𝗧𝗘 1 𝗛𝗘𝗔𝗟𝗬 𝗙𝗢𝗥 𝗖𝗔𝗜𝗥𝗡𝗦
👉 For Jobs.
👉 For Small Business.
👉 For the Community.
👉 For Education.
👉 For Health.
👉 For the Arts.
👉 For the Environment.
👉 For All Of Us.

#HealyForCairns https://t.co/8x8IzCThHk",promise,
1318795116178415616,"Regional Queensland deserves the same opportunities as those in South East Queensland which is why
an @LNPQLD government will invest $160 million towards construction of the first stage of Cairns University Hospital creating 500 construction jobs. #qldpol https://t.co/686N6VPIvy",promise,
1318801628447690752,"@JohnpaulGonzo @10NewsFirstQLD @M_McCormackMP @AnnastaciaMP Good news for @M_McCormackMP is @QLDLabor’s 2nd Bruce plan is NEW $$$. So is our extra $100M on Bruce, growing our existing fed/state $12.6B program. We’ll keep upgrading it &amp; build 2nd Bruce too! Record road $ in Qld atm &amp; looking forward to more bitumen &amp; QLD jobs 🚗🚛🚚😊👍",promise,
1318786612197613568,"A vote for Annastacia Palaszczuk &amp; Labor is a vote for strong, stable Government and a clear economic plan for job creation and recovery. A vote for the LNP is a vote for a Deb Frecklington, Pauline Hanson &amp;  Clive Palmer = recklessness. Do you want to take this risk? #qldjobs https://t.co/qirN6A3uvn",promise,
1318786593658908675,"Labor is committed to creating jobs across Queensland – including in Ipswich.

We have committed to funding a number of infrastructure projects in our community and have invested in health, education, business and more. 

A vote for Labor is a vote for jobs and infrastructure. https://t.co/vfmrgaU9NW",promise,
1318787133767778305,"That went well @DebFrecklington @LNPQLD. “The police source blasted the idea as a “stupid” idea and said it would leave police tied up, unable to attend other jobs.” #qldpol https://t.co/zCrsA6vNCv",other,
1318802629221384193,The Greens' four year economic recovery plan will create 2351 jobs per year on the Sunshine Coast by investing in public services and infrastructure. See our plan here: https://t.co/8a43xAhybS #vote1greens https://t.co/ZdVqtV9Jle,promise,
1318771996646346752,"Campbell McCall is the project manager of the Infrastructure Group, the construction company working on the Haughton River road and bridge upgrades, outside Townsville. The upgrades are part of our Real Bruce Plan and the company already has hundreds of workers on site. #qldjobs https://t.co/RCSjGcFPnL",promise,
1318786195048910848,"Checking out the progress on our $193m Townsville Port channel upgrade!

It’s really rockin’ - as in literally rocking, with the rock wall well underway.

#qldjobs #townsville https://t.co/LzT1TzsHWQ",promise,
1318786423634325506,"@townsvilleport is such a powerhouse for Queensland exports, and our $193 million investment means more berths, which is another chapter in Queensland’s economic recovery plan and jobs in the region.

@ScottStewartMP @AaronHarperMP @cr_leswalker #qldjobs #townsville",promise,
1318805613338451968,"@SteveKanofski @TheRealPearl03 @SteveKanofski Right now we’re delivering massive upgrades on the Bruce around Cairns, Townsville, Mackay, Rockhampton, Gympie and the Sunshine Coast, with 33 projects underway, supporting thousands of regional jobs.",promise,
1318768462769065984,"The Palaszczuk Government is dedicated to rebuilding the tourism industry.
We 𝙬𝙞𝙡𝙡 be stimulating growth in tourism and all sectors.
We 𝙬𝙞𝙡𝙡 𝙣𝙤𝙩 be slashing jobs.

𝗩𝗢𝗧𝗘 1 𝗛𝗘𝗔𝗟𝗬 𝗙𝗢𝗥 𝗖𝗔𝗜𝗥𝗡𝗦
👉 For the Great Barrier Reef
👉 For Jobs
👉 For Small Business https://t.co/izB8LYrOTp",promise,
1318768973354336256,"The choice is clear at this election.

𝗩𝗢𝗧𝗘 𝟭 𝗛𝗘𝗔𝗟𝗬 𝗙𝗢𝗥 𝗖𝗔𝗜𝗥𝗡𝗦
👉  For Education
👉  For Health
👉  For the Hospital
👉  For the Arts
👉  For the Environment
👉  For the Great Barrier Reef
👉  For Small Business
👉  For Jobs
👉  For All Of Us

 #HealyForCairns https://t.co/rSGJdssr72",other,
1318772311684689923,"Stick with Annastacia.  Stick with Healy.

𝗩𝗢𝗧𝗘  𝟭  𝗛𝗘𝗔𝗟𝗬 𝗙𝗢𝗥 𝗖𝗔𝗜𝗥𝗡𝗦

👉  For Education.
👉  For Health.
👉  For the Hospital.
👉  For the Arts.
👉  For the Environment.
👉  For the Great Barrier Reef.
👉  For Small Business.
👉  For Jobs.
👉  For All Of Us. https://t.co/yqa169UTfp",other,
1319782996036120576,"Great to be out at Margate this morning at our early voting centre talking about @AnnastaciaMP strong plan for Queensland and our Redcliffe community. 

Vote for Jobs! Not Cuts! 

@QLDLabor #qldpol #qldvotes https://t.co/hGNmldYloJ",cuts,
1319525955845582850,"Remember who @DebFrecklington &amp; @LNPQLD are preferencing - Pauline Hanson and One Nation.

That would mean job cuts in a chaotic coalition.

They’ve also been united in calls to open the borders &amp; risking a 2nd wave for Queensland earlier this year as cases surged in Victoria https://t.co/NdlsUrXRSQ",cuts,
1319528573137571841,"The @LNPQLD will help diversify the Gold Coast economy and create a decade of secure jobs with our $33 million investment to build a new technology institute, partnering with Griffith University. #qldpol https://t.co/x2zmUYIm8K",promise,
1319787208392413184,The @RACQOfficial consistently ranks Old Cleveland Rd as among the most congested rds in Qld during peak time. An @LNPQLD gov will fund a $20m upgrade to support families &amp; businesses that rely on this road &amp; create jobs. All part of our $1b SEQ Congestion Package. #qldpol https://t.co/kTXI0OpKMy,promise,
1319809516616118272,This is on top of the @LNPQLD’s plan to invest $90 million for an overpass across Gympie Rd at Carseldine. Our SEQ congestion program will create 3100 jobs. #qldpol (2/2),promise,
1319840177506824198,Third stop today at one of the Sunshine Coast’s biggest bottlenecks. The @LNPQLD will fund $15m to fix Caloundra Rd-Nicklin Way roundabout. We’ll also invest $35m to fast-track Bells Creek Arterial Rd. It’s all part of our SEQ plan to bust congestion &amp; create local jobs. #qldpol https://t.co/BLTNsfonlJ,promise,
1319848249717592064,In case you missed it...here is our announcement about boosting jobs and providing education services for our TAFE colleges.  Our economic recovery plan is already well under way.  Support Premier Palaszczuk's team to keep Queensland moving. #qldjobs #southport #TAFE https://t.co/rZnBBPo7xW,promise,
1319568728711835648,"Since 2015 the Palaszczuk Labor Government has been investing in Queensland’s unique National Parks and iconic Great Barrier Reef.  We are protecting the environment and supporting jobs for Queenslanders.
#qldvotes https://t.co/ypPRpVDlPD",promise,
1319475174203248640,"@robgilmourpm Additionally, the Treasurer has committed to handing down a budget by 1 December, should we be re-elected. This would be two months before the LNP.

Like all Queenslanders we wait with interest to see what jobs and services the LNP are planning to cut to fund their promises.",cuts,
1319517265788694534,"We’re empowering Queensland manufacturing to supercharge our economic recovery.

With our support, @nojapower has grown into a global leader in medium voltage electrical equipment – blitzing the world with more than 60,000 installations in over 90 countries ⚡

#qldjobs https://t.co/gQerZqGTw3",promise,
1319685016792825856,"Thanks to Queensland's strong health response, businesses like NOJA have been able to stay open and keep Queenslanders in jobs 💪 #qldjobs https://t.co/FFt6sQbYWw",promise,
1319730312423919616,"COVID is not “just the flu,” and its effects can be debilitating for survivors. Queenslanders have done an incredible job to stop the spread in our state and I will continue to always put Queenslanders’ health first. Read the full storyat https://t.co/pLdFWMM6IS @abcnews #COVID19 https://t.co/04LPrxSJhR",other,
1319798386455764993,"Joined the Cuts Bus in Cairns this morning. The choice this election is clear - jobs, stability and an economic plan for Queensland's future under @AnnastaciaMP or reckless cuts and chaos under Deb Frecklington and the LNP. #jobsnotcuts #qldsvotes @MarkRyanQLD https://t.co/fXt7r2bkNj",cuts,
1321261296222834688,"3 days to go! #Makeyourvotecount

@KimeRichards is one of the hardest working MPs.

Kim ❤️s local biz &amp; her community, &amp; it was great to meet some of them at the Victoria Pt this morning.

Backing @AnnastaciaMP &amp; our strong health response will support Qld’s recovery &amp; jobs. https://t.co/MdhXiwndo5",promise,
1320972685279723521,"🌧 Even the rain won’t stop me being at pre-poll in Redcliffe ensuring locals know @AnnastaciaMP and my strong plan for Queensland to support jobs, not cuts! 

@QLDLabor #qldpol #qldvotes https://t.co/tuGcVzX4AW",promise,
1321245446392573953,"Better weather this morning down at pre-poll (although there is rain forecast for this afternoon).

Our focus is on keeping Queenslanders safe and through our strong health response we can now focus on strengthening our economy and creating jobs. 

Vote for jobs! Not cuts! https://t.co/KElqh0ZMyg",promise,
1320953791106043912,"There’s a clear choice this election – four more years of @QLDLabor's failures or the @LNPQLD's plan to create jobs, crackdown on crime, no new or increased taxes and a plan to build big, bold infrastructure like the New Bradfield &amp; 4-lane the Bruce from Gympie to Cairns. #qldpol https://t.co/FGY4bpzKYn",promise,
1321236803576184832,"Deb Frecklington would have opened borders ""months ago"" says NSW Premier @GladysB

Exactly &amp; risked a 2nd wave smashing Qld jobs just like in Victoria.

Qld doesn’t need a weak leader who ignores health advice in a pandemic. 

Stick with @AnnastaciaMP &amp; her strong leadership https://t.co/TQaOatKLFb",cuts,
1321250415598432257,"Replacing the dangerous roundabout at Gooding Drive on the Gold Coast is all part of the @LNPQLD’s $1 billion infrastructure program creating 3,100 jobs and busting congestion across South-East Queensland. #qldpol @Ros_Bates_MP https://t.co/4CyNnduqXZ",promise,
1321226183934001152,"7️⃣⏰⏰⏰⏰⏰⏰⏰ hours before the first Leaders’ Debate. Still HEAPS of time for @debfrecklington to release the full list of 32,297 jobs that will have to go to fund $26.55 Billion in @LNPQLD election commitments .... 

✂️✂️✂️✂️✂️✂️ #DontRiskDeb https://t.co/NExZyYZX8v",cuts,
1321192719004299264,"@donbrownmp Happy to stand on my conservation credentials don, plus what I have achieved for jobs, roads, health, education ... btw, my BSc from James Cook Uni stands for Bachelor of Science with a double major in Marine Biology &amp; Zoology. It’s a real environmental degree. Have a nice day.",promise,
1320964267663740928,Driving the Cuts Bus past LNP press conferences in Mackay definitely builds an appetite. #dontriskdeb #jobsnotcuts,cuts,
1320968973178048512,My focus? Keeping Queensland safe and creating jobs. https://t.co/h76rtvVaFG,promise,
1320998443783892992,"Bundaberg is good to go and so is the rest of Queensland.

Let's get out and visit our regional Queensland towns and support our local businesses! #qldjobs #goodtogo https://t.co/w3dhqh1RMZ",other,
1321134060916350976,"The world is seeing half a million new COVID cases every day.

It’s destroying jobs, livelihoods and entire economies.

The decisions we’ve taken in Queensland have kept us safe and protected lives and jobs.

I need a strong majority government to continue that work.

#qldvotes https://t.co/9eGb6eE6KR",promise,
1321275545905102848,"Today I visited @CenturyYuasa, which powered on through pandemic - they kept their workforce in jobs and now want to hire more.

The only way they could do this is because we took decisive action to keep Queenslanders safe in March.

@JessPughMP @DrAnthonyLynham https://t.co/g60IpqZAh2",promise,
1322412978340196352,"1️⃣A vote for the @LNPQLD = a stronger economy, more jobs, no new taxes, less crime, $300 car rego rebate, more infrastructure, better health and education. 
#qldpol https://t.co/MqUmQzUnL7",promise,
1322960131529715712,"Australia will lose more than $3 trillion and 880,000 jobs over 50 years if climate change is not addressed, Deloitte says https://t.co/fTSCsdRdgB",cuts,
1322757499401850882,"My team has hit the ground running, and we’ll continue working hard to keep Queenslanders safe and in jobs. #qldjobs https://t.co/nVl6D0SpvB",promise,
1323121970792210432,"Today my team and I are rolling up our sleeves and focused on delivering Queensland’s budget, keeping Queensland's plan for economic recovery on track.

@camerondickqld @StevenJMiles #qldjobs https://t.co/hxHw76je7E",other,
1323181552302514176,Queensland’s economic recovery plan will create jobs all over this great state. #qldjobs https://t.co/pOJvVSsjoZ,promise,
1320562863853899776,"Queensland’s agriculture industry keeps our economy strong, so we’re backing our farmers by slashing water prices for irrigation.

A re-elected Palaszczuk government will cut irrigation costs by up to 50 per cent for fruit and vegetable growers from 1 July 2021.

#qldjobs https://t.co/wl6ITKXVWO",promise,
1320548630109908992,"Only 5 more days to go! On the hustings with @CraigCrawfordMP today.

The Palaszczuk Govt has a plan for our economic recovery and is committed to investing in more jobs for Qlders. 
Deb Frecklington &amp; the LNPs only plan for Qld is to cut, sack and sell. #dontrisklnpcuts #qldpol https://t.co/dAaQNoFiDB",promise,
1320519478115852289,"The @LNPQLD has a comprehensive plan to tackle the ICE epidemic and get Qlders into jobs. We’ll invest $2 million and partner with the @nthqldcowboys for an awareness and mental health support program. This is backed up with an $8 million dedicated police ICE taskforce, (1/2) https://t.co/MIHo6KaEOK",promise,
1320213496437551104,"The last time the LNP were in power, they cut thousands of jobs – and they’ll do it again.

They’ve committed to delivering a surplus within 4 years without borrowing, which means the only way they can deliver is by cutting jobs.

We can’t risk the LNP with our economic recovery. https://t.co/NyATDXB8F7",cuts,
1320211887267565569,"Roaring into Townsville's Reid Park I can hear Queensland’s engine is revving as we head into the home straight of this election campaign🏎️🔥

@ScottStewartMP @AaronHarperMP @cr_leswalker #qldjobs #qldvotes https://t.co/souso6bSCe",other,
1320318939738456067,"We’re not going to turn our back on Queenslanders in the middle of hard times. 

In everything we do in every part of this great state - we will create jobs.

Secure, fair-paying jobs you can build a life around.

Jobs that will take us from recovery to prosperity. 

#qldvotes https://t.co/UhXZdS96dx",promise,
1320334794400669696,"Queensland - we have come so far and achieved so much during a pandemic that continues to wreak havoc across the world

Because we took swift and decisive action on the health front, we’re on the road to economic recovery.

That means jobs, jobs and more jobs.

#qldjobs #qldpol https://t.co/eYvBIF81zT",promise,
1320513524087492608,Out at pre-poll with @JGilbertMP this morning. There’s a clear choice this election - the strong health response and clear economic plan of @AnnastaciaMP or the cuts and chaos of Deb Frecklington and the LNP. #QLDvotes #qldjobs #jobsnotcuts https://t.co/FfN6XNoC6v,cuts,
1320554763281285120,"Queensland’s agriculture industry keeps our economy strong, so we’re backing our farmers by slashing water prices for irrigation.

A re-elected Palaszczuk government will cut irrigation costs by up to 50 per cent for fruit and vegetable growers from 1 July 2021.

#qldjobs https://t.co/fAZDyImTwf",promise,
1320554765621682177,"We have already frozen water prices this year and absorbed dam safety costs to provide relief for Queensland businesses hit hard by COVID-19.

This means more crops, more jobs, and more value for Queensland.

#qldjobs #qldvotes",promise,
1320558007655092225,"More support for Shane Hamilton, this time in Sarina! #QLDvotes #qldjobs #jobsnotcuts https://t.co/oI1SyjL5sY",other,
1320477866103025664,"There's never been a more important time to vote to keep Cairns working.
𝗖𝗮𝗺𝗽𝗯𝗲𝗹𝗹 𝗡𝗲𝘄𝗺𝗮𝗻 style chaos is NOT what Cairns needs now!

𝗩𝗢𝗧𝗘 𝟭 𝗛𝗘𝗔𝗟𝗬
👉 For Education
👉 For Health
👉 For Arts
👉 For Environment
👉For Small Business
👉For Jobs
👉For All Of Us https://t.co/twcGYexHbQ",other,
1320567215976927232,"Queensland cannot afford to risk Deb Frecklington and the LNP. She put us at risk with her reckless calls to open the borders and Queensland can’t afford her reckless plan to cut 30,000 Queensland jobs.

To keep Cairns on the road to recovery, 
 
VOTE 1️⃣  HEALY FOR CAIRNS",cuts,
1319484758821236736,".@DebFrecklington has confirmed the LNP is a boys club: “If you ever, ever have to get a job just because you're a woman, well work a bit harder.” 

Under @AnnastaciaMP, govt departments are beating @thelawcouncil's 30% target for briefing female barristers and I am proud of it!",other,
1319089306191839232,"More than 16,000 manufacturing businesses in Queensland just like Patterson Glass on the Gold Coast will benefit from the @LNPQLD’s plan to reduce electricity costs by around 20% to stimulate the economy and create more jobs. #qldpol https://t.co/9vLGaOWZX4",promise,
1319128406353604609,"@DebFrecklington @LNPQLD We all remember the @LNPQLD on manufacturing under you @DebFrecklington &amp; @CampbellNewman - ordered 75 trains from overseas that weren’t even disability compliant &amp; dumped Qld workers and their jobs. Shame! 

Liberals talk big &amp; do what they like if elected - it’s in yr DNA https://t.co/P9OSXrrz0G",cuts,
1319432205580464128,I’ve joined the Cuts Bus in Townsville highlighting @DebFrecklington &amp; @LNPQLD cuts that are inevitable for Qld if she became Premier in her rush to surplus during a global recession #jobsnotcuts https://t.co/FHiendxCun,cuts,
1319127750360248320,"@ljstone09 Because, after all, who shouldn't be given a $3,000 watch for doing their job🤷‍♀️🤷‍♀️",other,
1319184274742968320,"Find out the facts about the 2nd M1 from Transport Minister, the Hon. Mark Bailey MP, who I sat down with recently to discuss all your community concerns.  Labor is the only party with a solid plan to alleviate traffic on the M1 for motorists and creating jobs. #qldjobs https://t.co/i9Dztn8Xk6",promise,
1319133881329659904,"9 days to go to the election!

@JimMaddenMP and I are proud to be part of @AnnastaciaMP's team.

Our Premier has done a fantastic job keeping us safe and creating jobs in every corner of the state.

We can’t trust the LNP or One Nation with our economic recovery. https://t.co/xxVgPWeNQX",promise,
1319164081530572800,"Our Premier has worked hard to keep Queenslanders safe and create jobs across the state.

One Nation, the LNP and Clive Palmer will put that in jeopardy with job cuts and chaos.

Let’s stick with @AnnastaciaMP. https://t.co/S5WdQC0Dgy",promise,
1319082625030471681,BREAKING: A re-elected Palaszczuk Government will invest $40 million to protect the Great Barrier Reef and our other natural assets that will also create more than 200 jobs across Queensland. @LeeanneEnoch @CraigCrawfordMP @MichaelHealyMP https://t.co/AzT255wZbH,promise,
1319142185934057472,Fitzroy Island was the perfect place to announce our $40 million investment to protect the Great Barrier Reef and other natural assets if re-elected. @LeeanneEnoch @CraigCrawfordMP @MichaelHealyMP #qldjobs https://t.co/tr0sVT5p63,promise,
1319143735196696577,"@keithd1004 @LeeanneEnoch @CraigCrawfordMP @MichaelHealyMP @keithd1004, under our govt we've seen more than 40 large-scale renewables projects launch in QLD - $7.8b of investment that's created 6500 jobs. We've also announced a $500m Renewable Energy Fund to support more solar, wind and water projects: https://t.co/qaqkPmtwX3",promise,
1319322373443801088,"We’re committing another $40 million to continue to protect Queensland’s natural environment, including the Great Barrier Reef🐠 One of our biggest assets is our environment and looking after it is looking after our economy. @LeeanneEnoch @MichaelHealyMP @CraigCrawfordMP #qldjobs https://t.co/STFMJgnmqE",promise,
1319088592212418561,"VOTE 1 - HEALY FOR CAIRNS

For Cairns.
For Education.
For Health.
For the Hospital.
For the Arts.
For the Environment.
For the Great Barrier Reef.
For Small Business.
For Jobs.
For the Community.
For All Of Us.

VOTE 1 #HealyForCairns https://t.co/efCiG2H9sk",other,
1321751695286624256,"BREAKING 

A re-elected @AnnastaciaMP @QLDLabor Government will support the Urannah Dam application to the National Water Infrastructure Development Fund. 

• 1200 construction jobs 
• 650 operational jobs 

#brunker4burdekin #labor #queensland #burdekin https://t.co/V5OVFpVrEh",promise,
1321656311721783296,"2 more days to go &amp; already 9000 locals in Waterford have cast their vote 🙌

My wonderful volunteers Mimi, Noel &amp; Chris are doing a fantastic job chatting to voters today.

Now is the time to stick w @AnnastaciaMP &amp; her recovery plan for Qld jobs. 
#dontrisklnpcuts #qldvotes https://t.co/vk8uCVkucp",promise,
1321708090610212865,"Right now we need jobs not cuts!

Stick with @AnnastaciaMP’s strong health response and recovery plan for jobs.

Queenslanders can’t risk Deb Frecklington and LNP cuts #dontrisklnpcuts #qldvotes #qldpol 
https://t.co/2GMII1cdvR",cuts,
1321614667828011008,"The @LNPQLD supports lower taxes to support jobs which is why we would scrap @QLDLabor's grey nomad tax saving buyers around $2,300 on campervans &amp; motorhomes and give a $300 rego rebate to every car owner before Christmas. #qldpol https://t.co/LhBtxgB6aD",promise,
1321657095347871744,"Only @AnnastaciaMP &amp; @QLDLabor gets Light Rail done on the Gold Coast! 

LNP called it an ‘infliction’ &amp; opposed it often but 700+ jobs will flow for fully funded $709m Broadbeach to Burleigh Stage 3! https://t.co/TiP9DkLi63",promise,
1321341143741657088,"So you’ve got $26.55 Billion in projects, @DebFrecklington, but you won’t tell Qlders how you will pay for any of it, because you’re hiding your cuts .... 32,000 jobs as minimum .... ✂️✂️✂️✂️
#QLDvotes #QLDDebate #qldpol",cuts,
1321344503299469313,".@DebFrecklington deliberately avoiding answering how she will pay for $26.55 Billion in election commitments - and the reason why is because she will cut jobs and essential services across Queensland ...

#QLDVotes #QLDDebate #qldpol",cuts,
1321483362536579072,"Queensland businesses like @CenturyYuasa are making the things Queenslanders need.

Our manufacturing industry is supercharged thanks to our strong health response.

That means Queenslanders are getting back to work and our economic recovery can continue.

#qldjobs https://t.co/iINkOwJXu5",promise,
1321527151338815488,"My promise: If re-elected, I’ll keep working to grow jobs across every region of our state. #qldvotes #qldjobs https://t.co/ZS4gfK99nA",promise,
1321601487177306112,"Cuddling the koalas and feeding the birds at @CWSlive 😍

Because of our strong health response this year, Queensland is good to go 👍

I’m encouraging everyone to get out and support tourism jobs and businesses.

@StevenJMiles @KayleeCampradt https://t.co/JluZZ934qY",promise,
1321644338191818752,"All aboard! 🚋 

Catching the light rail from Southport to Parkwood. 

The Gold Coast Light Rail has made more than 50 million passenger trips already - and construction is about to start on the $709 million Broadbeach to Burleigh extension which will support 760 local jobs. https://t.co/KE8Ps0o9gB",promise,
1321716476093501445,"Day 10 Pre Poll

Great to have @MurrayWatt drop in at Ormeau Community Centre talking to voters about the great work of the Annastacia Palaszczuk MP Labor Government and now is not the time to risk Detour Deb and her cuts!

#JobsNotCuts
#qldpol https://t.co/xXgAZiaIxx",cuts,
1321753895253741569,"Every Queenslander deserves to have everything they need to prosper and grow. 

The foundation of that is secure, fair-paying jobs - jobs you can build a life around. 

That’s why my focus is on protecting Queenslanders’ jobs and creating new ones. https://t.co/ysvGdn6SLv",promise,
1321758326485471234,"LNP doing what they do best - cutting ✂️ 

While the Palaszczuk Labor Govt supports our small biz 

The LNP’s costings released today shows they have NO $$ for small biz ❌ grants
❌mentoring 
❌Small Biz Commissioner

They don’t care about small biz &amp; they don’t back Qld jobs",cuts,
1322068313858469888,"One more day to go! Early voting closes at 6pm tonight.

Stick with @AnnastaciaMP’s strong health response and recovery plan for jobs. Don't risk Deb Frecklington's reckless decisions on borders against health advice and more LNP job cuts. #dontrisklnpcuts #qldvotes #qldpol https://t.co/VBAzg3VMY4",promise,
1321957439336443905,"Vote for Jobs. Not cuts! 

I’m backing @AnnastaciaMP and @QLDLabor 

#qldpol #qldvotes https://t.co/Udgrh2Tw7T",cuts,
1322315898439434241,"Vote 1 @AnnastaciaMP and @QLDLabor to continue our strong plan for Queensland. 

Vote for jobs not cuts. https://t.co/LpLJSC81Gv",cuts,
1322012886026182659,"@LNPQLD @DebFrecklington Labor delivered one of best health responses in the world, restored health frontline staff &amp; cuts + we build many new schools not sell them off like @LNPQLD did &amp; record infrastructure &amp; jobs not cuts, sacking &amp; selling",promise,
1322318518650503168,"The @LNPQLD’s plan will stimulate the economy, create a decade of secure jobs &amp; lead Qld out of this recession. I’m voting to get Qld back to the economic powerhouse it once was and secure our children’s future. 
I’m voting to get Qld working again. #qldpol https://t.co/yw68kRMfjB",promise,
1322036341215883265,".@DebFrecklington: “The #FakeBradfieldScheme will create thousands of jobs as soon as we get elected! Yay!” 

Q: “What does ‘as soon as we get elected’ mean?”

@DebFrecklington: “Oh, 10 to 15 years, maybe longer ...”

Now that’s peak Deb, @Qldaah

#qldpol #QLDvotes #QLDvotes2020 https://t.co/uaZAArOa1j",other,
1322287943029907456,"Good morning @DebFrecklington!  👋👋👋👋

This. Is. Our. Plan. For. Jobs.

✌️#VoteLabor✌️ https://t.co/P4TrA9w3ru",promise,
1322310213802684416,Polling booths are open across the Algester electorate! 🗳 Started the day at the new Hillcrest booth - remember it is now located at the Life and Legacy Church on Anzac Ave. Make sure you vote today because we cannot afford the LNP’s cuts and chaos.#qldvotes #qldjobs https://t.co/xK5WlKUjdA,cuts,
1321904890176696320,"Happy World Teachers’ Day! ✏️📗🍎

Our teachers and teacher aides do an incredible job making sure Queensland children get the best start in life.

Thank you for everything you do ❤️️ https://t.co/TVItx2a39w",other,
1322032255112417280,My vision for this state is about keeping Queenslanders safe and in jobs. I’ll keep fighting for that every day.,promise,
1322319902586269697,"Because we believe in our young people, we’re extending free TAFE for Queenslanders aged under 25 #TAFE #education #qldjobs @TAFEQld @QLDLabor https://t.co/UaIjLErL1N",promise,
1322327076519641089,"Now more than ever we need our frontline health staff, which is why if re-elected we’ll invest in 9,475 extra doctors, nurses and other allied health care workers #nurses #doctors #health #qldjobs @qldhealthnews @QLDLabor https://t.co/D3ETld8XaS",promise,
1322377955226447873,"Thx to all our exclt ⁦@Annerley_Labor⁩ ⁦@SalisburyALP⁩ ⁦@yeronga_labor⁩ branch volunteers in Miller doing a fab job helping keep Qld safe, prosperous &amp; fair #qldpol https://t.co/2jexIibAzd",other,
1322370216425365504,"Our government is already working hard for every Queenslander as our brightest days are ahead.  We have created jobs with more big plans for manufacturing, small business, the health sector and infrastructure.  The LNP has covid plans to slash and cut jobs. #qldjobs https://t.co/srHNmvqyKP",promise,
1322334636928765952,"Our children need the best start in their education, which is why if re-elected we’ll invest in more than 7,300 new teachers and teacher aides #education #qldjobs @QLDEducation @QLDLabor https://t.co/vfQRaTPpga",promise,
1322342331664592901,2025 extra police by 2025 – that’s our promise to you to keep our communities safe. #police #qldjobs @QldPolice @QLDLabor https://t.co/ZSMLDbm27D,promise,
1322349585424003072,We’re building our regions by investing in them and that includes investing in health. #nurses #doctors #health #qldjobs @QLDLabor @qldhealthnews https://t.co/Pk1vW2yTlZ,promise,
1322357671329034240,We’ll build Queensland trains in Queensland if re-elected because we believe investing in regional manufacturing is an investment in thousands of Queensland jobs. #qldjobs #qldmanufacturing @QLDLabor https://t.co/PrADPVf9Gs,promise,
1322364468764975106,"Every day in every way across this wonderful state, the Palaszczuk Government is creating and supporting tens of thousands of regional jobs. That’s an investment in the state and in our people #qldjobs #qldmanufacturing https://t.co/qKGD5274ZD",promise,
1322375317965529088,We’re investing in health care from Cairns to Coolangatta and Mt Isa so that every Queenslander has access to the type of health care they deserve. #nurses #doctors #health #qldjobs https://t.co/qysffk9o66,promise,
1322381211319242754,"Investing in our teachers is an investment in jobs and in our children, which is why we’re sparing no expense. 
#education #qldjobs https://t.co/C4TAvSac3A",promise,
1322387508504588291,Seven new satellite hospitals in South East Queensland is an innovative way to bring hospital-quality health care closer to home. #nurses #doctors #health #qldjobs @QLDLabor @qldhealthnews https://t.co/YsDlwrlsaY,promise,
1322388461966426112,"Queenslanders asked for better health care and more hospitals and we heard you, which is why from Cairns to Coolangatta, we’re doing just that. #nurses #doctors #health #qldjobs https://t.co/5m7eKQXyCc",promise,
1322404090354180096,"Our police officers come from across Queensland, which is why we’re investing in more police to send back to the regions. #police #qldjobs https://t.co/XYFJ6rp7vK",promise,
1322412541914443776,If you’re aged under 25 then we’ll provide free TAFE in courses that will give you a foundation for the jobs of the future. #TAFE #education #qldjobs @QLDLabor @TAFEQld https://t.co/UrRMgxmYzf,promise,
